Source,Target,Type,Kind,Id,Label,Weight,length
0,1,Directed,2,0,0,1,1500
1,2,Directed,2,1,1,1,925
2,3,Directed,2,2,2,1,910
3,4,Directed,2,3,3,1,1200
4,5,Directed,2,4,4,1,747
5,4,Directed,2,5,5,1,747
4,3,Directed,2,6,6,1,1200
3,2,Directed,2,7,7,1,910
2,1,Directed,2,8,8,1,925
1,0,Directed,2,9,9,1,1500
6,7,Directed,3,10,10,1,2200
7,8,Directed,3,11,11,1,1600
8,9,Directed,3,12,12,1,2000
9,10,Directed,3,13,13,1,3400
10,9,Directed,3,14,14,1,3400
9,8,Directed,3,15,15,1,2000
8,7,Directed,3,16,16,1,1600
7,6,Directed,3,17,17,1,2200
11,12,Directed,1,18,18,1,1300
12,13,Directed,1,19,19,1,570
13,14,Directed,1,20,20,1,740
14,15,Directed,1,21,21,1,350
15,16,Directed,1,22,22,1,330
16,17,Directed,1,23,23,1,630
17,18,Directed,1,24,24,1,850
18,19,Directed,1,25,25,1,500
19,20,Directed,1,26,26,1,650
20,19,Directed,1,27,27,1,650
19,18,Directed,1,28,28,1,500
18,17,Directed,1,29,29,1,850
17,16,Directed,1,30,30,1,630
16,15,Directed,1,31,31,1,330
15,14,Directed,1,32,32,1,350
14,13,Directed,1,33,33,1,740
13,12,Directed,1,34,34,1,570
12,11,Directed,1,35,35,1,1300
11,21,Directed,1,36,36,1,1300
21,13,Directed,1,37,37,1,1700
13,22,Directed,1,38,38,1,723
22,23,Directed,1,39,39,1,500
23,24,Directed,1,40,40,1,620
24,25,Directed,1,41,41,1,860
25,26,Directed,1,42,42,1,290
26,27,Directed,1,43,43,1,770
27,26,Directed,1,44,44,1,770
26,25,Directed,1,45,45,1,290
25,24,Directed,1,46,46,1,860
24,23,Directed,1,47,47,1,620
23,22,Directed,1,48,48,1,500
22,13,Directed,1,49,49,1,723
13,21,Directed,1,50,50,1,1700
21,11,Directed,1,51,51,1,1300
28,20,Directed,1,52,52,1,940
20,29,Directed,1,53,53,1,1300
29,30,Directed,1,54,54,1,500
30,31,Directed,1,55,55,1,300
31,32,Directed,1,56,56,1,350
32,33,Directed,1,57,57,1,370
33,25,Directed,1,58,58,1,920
33,24,Directed,1,59,59,1,670
24,33,Directed,1,60,60,1,670
25,33,Directed,1,61,61,1,920
33,32,Directed,1,62,62,1,370
32,31,Directed,1,63,63,1,350
31,30,Directed,1,64,64,1,300
30,29,Directed,1,65,65,1,500
29,20,Directed,1,66,66,1,1300
20,28,Directed,1,67,67,1,940
34,35,Directed,1,68,68,1,1200
35,36,Directed,1,69,69,1,710
36,35,Directed,1,70,70,1,710
35,34,Directed,1,71,71,1,1200
36,12,Directed,1,72,72,1,430
12,36,Directed,1,73,73,1,430
21,36,Directed,1,74,74,1,2300
36,21,Directed,1,75,75,1,2300
36,13,Directed,1,76,76,1,566
13,36,Directed,1,77,77,1,566
22,37,Directed,1,78,78,1,590
37,22,Directed,1,79,79,1,590
37,38,Directed,1,80,80,1,1200
38,37,Directed,1,81,81,1,1200
38,4,Directed,1,82,82,1,1300
4,38,Directed,1,83,83,1,1300
4,25,Directed,1,84,84,1,370
25,4,Directed,1,85,85,1,370
28,0,Directed,1,86,86,1,964
0,28,Directed,1,87,87,1,964
1,35,Directed,1,88,88,1,803
35,1,Directed,1,89,89,1,803
35,17,Directed,1,90,90,1,730
17,35,Directed,1,91,91,1,730
17,39,Directed,1,92,92,1,800
39,17,Directed,1,93,93,1,800
39,33,Directed,1,94,94,1,780
33,39,Directed,1,98,98,1,780
24,39,Directed,1,96,96,1,1200
39,24,Directed,1,97,97,1,1200
40,39,Directed,1,99,99,1,870
39,40,Directed,1,100,100,1,870
33,40,Directed,1,101,101,1,300
40,33,Directed,1,102,102,1,300
40,24,Directed,1,103,103,1,770
24,40,Directed,1,104,104,1,770
41,40,Directed,1,105,105,1,530
40,41,Directed,1,106,106,1,530
42,41,Directed,1,107,107,1,720
41,42,Directed,1,108,108,1,720
43,22,Directed,1,109,109,1,4200
22,43,Directed,1,110,110,1,4200
25,44,Directed,1,111,111,1,340
44,25,Directed,1,112,112,1,340
44,40,Directed,1,113,113,1,590
40,44,Directed,1,114,114,1,590
45,44,Directed,1,115,115,1,950
44,45,Directed,1,116,116,1,950
45,46,Directed,1,117,117,1,800
46,45,Directed,1,118,118,1,800
46,47,Directed,1,119,119,1,730
47,46,Directed,1,120,120,1,730
47,6,Directed,5,121,121,1,100
6,47,Directed,5,122,122,1,100
7,32,Directed,5,123,123,1,100
32,7,Directed,5,124,124,1,100
15,8,Directed,5,125,125,1,100
8,15,Directed,5,126,126,1,100
19,29,Directed,1,127,127,1,1700
29,19,Directed,1,128,128,1,1700
35,18,Directed,1,129,129,1,370
18,35,Directed,1,130,130,1,370
16,39,Directed,1,131,131,1,490
39,16,Directed,1,132,132,1,490
15,3,Directed,1,133,133,1,350
3,15,Directed,1,134,134,1,350
3,24,Directed,1,135,135,1,680
24,3,Directed,1,136,136,1,680
23,3,Directed,1,137,137,1,840
3,23,Directed,1,138,138,1,840
32,45,Directed,1,140,140,1,1300
45,32,Directed,1,141,141,1,1300
44,41,Directed,1,142,142,1,490
41,44,Directed,1,143,143,1,490
44,26,Directed,1,144,144,1,370
26,44,Directed,1,145,145,1,370
31,17,Directed,1,146,146,1,1800
17,31,Directed,1,147,147,1,1800
23,37,Directed,1,148,148,1,390
37,23,Directed,1,149,149,1,390
14,22,Directed,1,150,150,1,500
22,14,Directed,1,151,151,1,500
5,27,Directed,1,155,155,1,730
27,5,Directed,1,154,154,1,730
27,42,Directed,1,156,156,1,470
42,27,Directed,1,157,157,1,470
1,36,Directed,1,158,158,1,538
36,1,Directed,1,159,159,1,538
2,15,Directed,1,160,160,1,500
15,2,Directed,1,161,161,1,500
14,2,Directed,1,162,162,1,500
2,14,Directed,1,163,163,1,500
3,14,Directed,1,164,164,1,480
14,3,Directed,1,165,165,1,480
2,35,Directed,1,166,166,1,1100
2,36,Directed,1,167,167,1,780
35,2,Directed,1,168,168,1,1100
36,2,Directed,1,169,169,1,780
48,47,Directed,5,170,170,1,100
47,48,Directed,5,171,171,1,100
48,6,Directed,5,172,172,1,100
6,48,Directed,5,173,173,1,100
60,7,Directed,5,174,174,1,100
7,60,Directed,5,175,175,1,100
32,60,Directed,5,176,176,1,100
60,32,Directed,5,177,177,1,100
65,40,Directed,5,178,178,1,100
40,65,Directed,5,179,179,1,100
49,0,Directed,5,180,180,1,100
0,49,Directed,5,181,181,1,100
50,20,Directed,5,182,182,1,100
20,50,Directed,5,183,183,1,100
1,53,Directed,5,184,184,1,100
53,1,Directed,5,185,185,1,100
57,35,Directed,5,186,186,1,100
35,57,Directed,5,187,187,1,100
66,17,Directed,5,188,188,1,100
17,66,Directed,5,189,189,1,100
2,62,Directed,5,190,190,1,100
62,2,Directed,5,191,191,1,100
69,36,Directed,5,192,192,1,100
36,69,Directed,5,193,193,1,100
59,21,Directed,5,194,194,1,100
21,59,Directed,5,195,195,1,100
13,68,Directed,5,196,196,1,100
68,13,Directed,5,197,197,1,100
61,22,Directed,5,198,198,1,100
22,61,Directed,5,199,199,1,100
51,3,Directed,5,200,200,1,100
3,51,Directed,5,201,201,1,100
54,8,Directed,5,202,202,1,100
8,54,Directed,5,203,203,1,100
15,54,Directed,5,204,204,1,100
54,15,Directed,5,205,205,1,100
37,58,Directed,5,206,206,1,100
58,37,Directed,5,207,207,1,100
67,4,Directed,5,208,208,1,100
4,67,Directed,5,209,209,1,100
24,63,Directed,5,210,210,1,100
63,24,Directed,5,211,211,1,100
5,55,Directed,5,212,212,1,100
55,5,Directed,5,213,213,1,100
64,42,Directed,5,214,214,1,100
42,64,Directed,5,215,215,1,100
56,9,Directed,5,216,216,1,100
9,56,Directed,5,217,217,1,100
10,52,Directed,5,218,218,1,100
52,10,Directed,5,219,219,1,100
70,7,Directed,5,223,223,1,100
7,70,Directed,5,222,222,1,100
70,60,Directed,5,224,224,1,100
60,70,Directed,5,225,225,1,100
32,70,Directed,5,226,226,1,100
70,32,Directed,5,227,227,1,100
78,65,Directed,5,228,228,1,100
65,78,Directed,5,229,229,1,100
40,78,Directed,5,230,230,1,100
78,40,Directed,5,231,231,1,100
71,64,Directed,5,232,232,1,100
71,42,Directed,5,233,233,1,100
42,71,Directed,5,234,234,1,100
64,71,Directed,5,235,235,1,100
73,3,Directed,5,236,236,1,100
73,51,Directed,5,237,237,1,100
3,73,Directed,5,238,238,1,100
51,73,Directed,5,239,239,1,100
74,8,Directed,5,240,240,1,100
74,15,Directed,5,241,241,1,100
74,54,Directed,5,242,242,1,100
8,74,Directed,5,243,243,1,100
15,74,Directed,5,244,244,1,100
54,74,Directed,5,245,245,1,100
77,13,Directed,5,246,246,1,100
77,68,Directed,5,247,247,1,100
68,77,Directed,5,248,248,1,100
13,77,Directed,5,249,249,1,100
72,53,Directed,5,250,250,1,100
72,1,Directed,5,251,251,1,100
1,72,Directed,5,252,252,1,100
53,72,Directed,5,253,253,1,100
76,66,Directed,5,254,254,1,100
76,17,Directed,5,256,256,1,100
66,76,Directed,5,258,258,1,100
17,76,Directed,5,259,259,1,100
79,35,Directed,5,260,260,1,100
79,57,Directed,5,261,261,1,100
57,79,Directed,5,262,262,1,100
35,79,Directed,5,263,263,1,100
72,73,Directed,4,264,264,1,1600
72,74,Directed,4,265,265,1,1500
72,75,Directed,4,266,266,1,660
72,76,Directed,4,267,267,1,1600
72,77,Directed,4,268,268,1,1300
72,79,Directed,4,269,269,1,800
73,72,Directed,4,270,270,1,1600
73,74,Directed,4,271,271,1,450
73,75,Directed,4,272,272,1,1600
73,76,Directed,4,273,273,1,1400
73,77,Directed,4,274,274,1,1500
73,79,Directed,4,275,275,1,1200
74,72,Directed,4,276,276,1,1500
74,73,Directed,4,277,277,1,450
74,75,Directed,4,278,278,1,1000
74,76,Directed,4,279,279,1,1000
74,77,Directed,4,280,280,1,1100
74,79,Directed,4,281,281,1,980
75,72,Directed,4,282,282,1,660
75,73,Directed,4,283,283,1,1600
75,74,Directed,4,284,284,1,1000
75,76,Directed,4,285,285,1,1400
75,77,Directed,4,286,286,1,600
75,79,Directed,4,287,287,1,600
76,72,Directed,4,288,288,1,1600
76,73,Directed,4,289,289,1,1400
76,74,Directed,4,290,290,1,1000
76,75,Directed,4,291,291,1,1400
76,77,Directed,4,292,292,1,1900
76,79,Directed,4,293,293,1,150
77,72,Directed,4,294,294,1,1300
77,73,Directed,4,295,295,1,1500
77,74,Directed,4,296,296,1,1100
77,75,Directed,4,297,297,1,600
77,76,Directed,4,298,298,1,1900
77,79,Directed,4,299,299,1,1200
79,72,Directed,4,300,300,1,800
79,73,Directed,4,301,301,1,1200
79,74,Directed,4,302,302,1,980
79,75,Directed,4,303,303,1,600
79,76,Directed,4,304,304,1,150
79,77,Directed,4,305,305,1,1200
70,73,Directed,4,306,306,1,1800
70,74,Directed,4,307,307,1,1800
70,76,Directed,4,308,308,1,1800
70,77,Directed,4,309,309,1,3000
70,79,Directed,4,310,310,1,1900
78,73,Directed,4,311,311,1,1600
78,74,Directed,4,312,312,1,1700
78,76,Directed,4,313,313,1,1600
78,77,Directed,4,314,314,1,2800
78,79,Directed,4,315,315,1,1800
73,70,Directed,4,316,316,1,1800
74,70,Directed,4,317,317,1,1800
76,70,Directed,4,318,318,1,1800
77,70,Directed,4,319,319,1,3000
79,70,Directed,4,320,320,1,1900
79,78,Directed,4,321,321,1,1800
77,78,Directed,4,322,322,1,2800
76,78,Directed,4,323,323,1,1600
74,78,Directed,4,324,324,1,1700
73,78,Directed,4,325,325,1,1600
71,70,Directed,4,326,326,1,2600
71,78,Directed,4,327,327,1,1800
71,73,Directed,4,328,328,1,2800
71,76,Directed,4,329,329,1,3300
70,71,Directed,4,330,330,1,2600
73,71,Directed,4,331,331,1,2800
76,71,Directed,4,332,332,1,3300
78,71,Directed,4,333,333,1,1800
74,71,Directed,4,334,334,1,2800
71,74,Directed,4,335,335,1,2800
70,78,Directed,4,336,336,1,1600
78,70,Directed,4,337,337,1,1600
75,36,Directed,5,338,338,1,100
75,69,Directed,5,339,339,1,100
69,75,Directed,5,340,340,1,100
36,75,Directed,5,341,341,1,100
