Source,Target,Type,Kind,Id,Label,Weight,travelTime1,travelTime2,travelTime3,travelTime4,travelTime5
66,67,Directed,2,201,131,1,6,6,6,6,6
52,53,Directed,1,71,1,1,8,9,10,8,9
53,52,Directed,1,72,2,1,8,9,10,8,9
53,54,Directed,1,73,3,1,8,9,10,8,9
54,55,Directed,1,74,4,1,8,9,10,8,9
55,56,Directed,1,75,5,1,8,9,10,8,9
56,57,Directed,1,76,6,1,8,9,10,8,9
57,58,Directed,1,77,7,1,8,9,10,8,9
58,60,Directed,1,78,8,1,8,9,10,8,9
58,61,Directed,1,79,9,1,8,9,10,8,9
61,62,Directed,1,80,10,1,8,9,10,8,9
62,63,Directed,1,81,11,1,8,9,10,8,9
63,59,Directed,1,82,12,1,8,9,10,8,9
59,63,Directed,1,83,13,1,8,9,10,8,9
63,62,Directed,1,84,14,1,8,9,10,8,9
62,61,Directed,1,85,15,1,8,9,10,8,9
61,58,Directed,1,86,16,1,8,9,10,8,9
60,58,Directed,1,87,17,1,8,9,10,8,9
58,57,Directed,1,88,18,1,8,9,10,8,9
57,56,Directed,1,89,19,1,8,9,10,8,9
56,55,Directed,1,90,20,1,8,9,10,8,9
55,54,Directed,1,91,21,1,8,9,10,8,9
54,53,Directed,1,92,22,1,8,9,10,8,9
68,67,Directed,2,93,23,1,6,6,6,6,6
67,66,Directed,2,94,24,1,6,6,6,6,6
67,68,Directed,2,95,25,1,6,6,6,6,6
66,65,Directed,2,96,26,1,6,6,6,6,6
65,66,Directed,2,97,27,1,6,6,6,6,6
65,64,Directed,2,98,28,1,6,6,6,6,6
64,65,Directed,2,99,29,1,6,6,6,6,6
69,70,Directed,3,100,30,1,10,10,10,10,10
70,71,Directed,3,101,31,1,10,10,10,10,10
70,69,Directed,3,102,32,1,10,10,10,10,10
71,70,Directed,3,103,33,1,10,10,10,10,10
72,73,Directed,4,104,34,1,12,12,12,12,12
72,74,Directed,4,105,35,1,36,36,36,36,36
72,75,Directed,4,106,36,1,80,80,80,80,80
72,76,Directed,4,107,37,1,80,80,80,80,80
72,77,Directed,4,108,38,1,80,80,80,80,80
73,72,Directed,4,109,39,1,12,12,12,12,12
73,74,Directed,4,110,40,1,36,36,36,36,36
73,75,Directed,4,111,41,1,80,80,80,80,80
73,76,Directed,4,112,42,1,80,80,80,80,80
73,77,Directed,4,113,43,1,80,80,80,80,80
74,72,Directed,4,114,44,1,36,36,36,36,36
74,73,Directed,4,115,45,1,36,36,36,36,36
74,75,Directed,4,116,46,1,36,36,36,36,36
74,76,Directed,4,117,47,1,80,80,80,80,80
74,77,Directed,4,118,48,1,80,80,80,80,80
75,72,Directed,4,119,49,1,80,80,80,80,80
75,73,Directed,4,120,50,1,80,80,80,80,80
75,74,Directed,4,121,51,1,36,36,36,36,36
75,76,Directed,4,122,52,1,24,24,24,24,24
75,77,Directed,4,123,53,1,80,80,80,80,80
76,72,Directed,4,124,54,1,80,80,80,80,80
76,73,Directed,4,125,55,1,80,80,80,80,80
76,74,Directed,4,126,56,1,80,80,80,80,80
76,75,Directed,4,127,57,1,24,24,24,24,24
76,77,Directed,4,128,58,1,24,24,24,24,24
77,72,Directed,4,129,59,1,80,80,80,80,80
77,73,Directed,4,130,60,1,80,80,80,80,80
77,74,Directed,4,131,61,1,80,80,80,80,80
77,75,Directed,4,132,62,1,80,80,80,80,80
77,76,Directed,4,133,63,1,24,24,24,24,24
81,52,Directed,5,134,64,1,2,2,2,2,2
81,72,Directed,5,135,65,1,2,2,2,2,2
52,81,Directed,5,136,66,1,2,2,2,2,2
52,72,Directed,5,137,67,1,2,2,2,2,2
72,81,Directed,5,138,68,1,2,2,2,2,2
72,52,Directed,5,139,69,1,2,2,2,2,2
53,71,Directed,5,140,70,1,2,2,2,2,2
53,73,Directed,5,141,71,1,2,2,2,2,2
53,80,Directed,5,142,72,1,2,2,2,2,2
71,53,Directed,5,143,73,1,2,2,2,2,2
71,73,Directed,5,144,74,1,2,2,2,2,2
71,80,Directed,5,145,75,1,2,2,2,2,2
73,53,Directed,5,146,76,1,2,2,2,2,2
73,71,Directed,5,147,77,1,2,2,2,2,2
73,80,Directed,5,148,78,1,2,2,2,2,2
55,70,Directed,5,149,79,1,2,2,2,2,2
55,74,Directed,5,150,80,1,2,2,2,2,2
55,82,Directed,5,151,81,1,2,2,2,2,2
70,55,Directed,5,152,82,1,2,2,2,2,2
70,74,Directed,5,153,83,1,2,2,2,2,2
70,82,Directed,5,154,84,1,2,2,2,2,2
74,55,Directed,5,155,85,1,2,2,2,2,2
74,70,Directed,5,156,86,1,2,2,2,2,2
74,82,Directed,5,157,87,1,2,2,2,2,2
82,55,Directed,5,158,88,1,2,2,2,2,2
82,70,Directed,5,159,89,1,2,2,2,2,2
82,74,Directed,5,160,90,1,2,2,2,2,2
58,69,Directed,5,161,91,1,2,2,2,2,2
58,64,Directed,5,162,92,1,2,2,2,2,2
58,75,Directed,5,163,93,1,2,2,2,2,2
58,79,Directed,5,164,94,1,2,2,2,2,2
64,58,Directed,5,165,95,1,2,2,2,2,2
64,69,Directed,5,166,96,1,2,2,2,2,2
64,75,Directed,5,167,97,1,2,2,2,2,2
64,79,Directed,5,168,98,1,2,2,2,2,2
69,58,Directed,5,169,99,1,2,2,2,2,2
69,64,Directed,5,170,100,1,2,2,2,2,2
69,75,Directed,5,171,101,1,2,2,2,2,2
69,79,Directed,5,172,102,1,2,2,2,2,2
75,58,Directed,5,173,103,1,2,2,2,2,2
75,64,Directed,5,174,104,1,2,2,2,2,2
75,69,Directed,5,175,105,1,2,2,2,2,2
75,79,Directed,5,176,106,1,2,2,2,2,2
79,58,Directed,5,177,107,1,2,2,2,2,2
79,64,Directed,5,178,108,1,2,2,2,2,2
79,69,Directed,5,179,109,1,2,2,2,2,2
79,75,Directed,5,180,110,1,2,2,2,2,2
83,68,Directed,5,181,111,1,2,2,2,2,2
68,83,Directed,5,182,112,1,2,2,2,2,2
59,77,Directed,5,183,113,1,2,2,2,2,2
59,78,Directed,5,184,114,1,2,2,2,2,2
77,59,Directed,5,185,115,1,2,2,2,2,2
77,78,Directed,5,186,116,1,2,2,2,2,2
78,77,Directed,5,187,117,1,2,2,2,2,2
78,59,Directed,5,188,118,1,2,2,2,2,2
62,66,Directed,5,189,119,1,2,2,2,2,2
62,76,Directed,5,190,120,1,2,2,2,2,2
62,84,Directed,5,191,121,1,2,2,2,2,2
66,62,Directed,5,192,122,1,2,2,2,2,2
66,76,Directed,5,193,123,1,2,2,2,2,2
66,84,Directed,5,194,124,1,2,2,2,2,2
76,62,Directed,5,195,125,1,2,2,2,2,2
76,66,Directed,5,196,126,1,2,2,2,2,2
76,84,Directed,5,197,127,1,2,2,2,2,2
84,62,Directed,5,198,128,1,2,2,2,2,2
84,66,Directed,5,199,129,1,2,2,2,2,2
84,76,Directed,5,200,130,1,2,2,2,2,2
